Professor,email
Matni Z A,erikfeng+matni_z_a@ucsb.edu
Solis S W,erikfeng+solis_s_w@ucsb.edu
Wang R K,erikfeng+wang_r_k@ucsb.edu
Mirza D,erikfeng+mirza_d@ucsb.edu
Gibou F G,erikfeng+gibou_f_g@ucsb.edu
Vigoda E J,erikfeng+vigoda_e_j@ucsb.edu
Lokshtanov D,erikfeng+lokshtanov_d@ucsb.edu
Conrad P T,erikfeng+conrad_p_t@ucsb.edu
Ananth P V,erikfeng+ananth_p_v@ucsb.edu